Player,Span,Mat,Inns,Dis,Ct,St,Max Dis Inns,Dis/Inn
Q de Kock (SA),2023-2023,10,10,20,19,1,6,2
KL Rahul (IND),2023-2023,11,11,17,16,1,4,1.545
JP Inglis (AUS),2023-2023,10,10,16,14,2,5,1.6
SA Edwards (NED),2023-2023,9,9,15,13,2,4,1.666
JC Buttler (ENG),2023-2023,9,9,11,9,2,3,1.222
Mohammad Rizwan (PAK),2023-2023,9,9,11,11,0,3,1.222
TWM Latham (NZ),2023-2023,10,10,9,9,0,3,0.9
Ikram Alikhil (AFG),2023-2023,7,7,7,6,1,3,1
BKG Mendis (SL),2023-2023,9,9,7,6,1,3,0.777
H Klaasen (SA),2023-2023,10,0,5,5,0,3,0
Mushfiqur Rahim (BAN),2023-2023,9,9,5,4,1,2,0.555
S Samarawickrama (SL),2023-2023,9,0,1,1,0,1,0
Rahmanullah Gurbaz (AFG),2023-2023,9,2,1,1,0,1,0.5
AT Carey (AUS),2023-2023,1,1,0,0,0,0,0
