﻿Partners,Runs,NO/O,Wkt,Team,Opposition,Ground
"R Ravindra, DP Conway",273,NO,2nd,NZ,v England,Ahmedabad
"DA Warner, MR Marsh",259,O,1st,AUS,v Pakistan,Bengaluru
"KL Rahul, SS Iyer",208,O,4th,IND,v Netherlands,Bengaluru
"HE van der Dussen, Q de Kock",204,O,2nd,RSA,v Sri Lanka,Delhi
"GJ Maxwell, PJ Cummins",202,NO,8th,AUS,v Afghanistan,Wankhede
"HE van der Dussen, Q de Kock",200,O,2nd,RSA,v New Zealand,Pune
"Fakhar Zaman, Babar Azam",194,NO,2nd,PAK,v New Zealand,Bengaluru
"M Labuschagne, TM Head",192,O,4th,AUS,v India,Ahmedabad
"Shubman Gill, V Kohli",189,O,2nd,IND,v Sri Lanka,Wankhede
"KS Williamson, DJ Mitchell",181,O,3rd,NZ,v India,Wankhede
"KS Williamson, R Ravindra",180,O,2nd,NZ,v Pakistan,Bengaluru
"Mohammad Rizwan, Abdullah Shafique",176,O,3rd,PAK,v Sri Lanka,Hyderabad
"SPD Smith, MR Marsh",175,NO,3rd,AUS,v Bangladesh,Pune
"DA Warner, TM Head",175,O,1st,AUS,v New Zealand,Dharamsala
"Shakib Al Hasan, Najmul Hossain Shanto",169,O,3rd,BAN,v Sri Lanka,Delhi
"KL Rahul, V Kohli",165,O,4th,IND,v Australia,Chennai
"V Kohli, SS Iyer",163,O,2nd,IND,v New Zealand,Wankhede
"R Ravindra, DJ Mitchell",159,O,3rd,NZ,v India,Dharamsala
"RG Sharma, Ishan Kishan",156,O,1st,IND,v Afghanistan,Delhi
"JE Root, DJ Malan",151,O,2nd,ENG,v Bangladesh,Dharamsala
"H Klaasen, M Jansen",151,O,6th,RSA,v England,Wankhede
"GD Phillips, TWM Latham",144,O,5th,NZ,v Afghanistan,Chennai
"H Klaasen, Q de Kock",142,O,4th,RSA,v Bangladesh,Wankhede
"S Samarawickrama, P Nissanka",137,NO,3rd,SL,v England,Bengaluru
"Imam-ul-Haq, Abdullah Shafique",134,O,1st,PAK,v Australia,Bengaluru
"V Kohli, SS Iyer",134,O,3rd,IND,v South Africa,Eden Gardens
"DA Warner, SPD Smith",132,O,2nd,AUS,v Netherlands,Delhi
"BA Stokes, JE Root",132,O,3rd,ENG,v Pakistan,Eden Gardens
"AK Markram, Q de Kock",131,O,3rd,RSA,v Bangladesh,Wankhede
"LV van Beek, SA Engelbrecht",130,O,7th,NED,v Sri Lanka,Lucknow
"Rahmanullah Gurbaz, Ibrahim Zadran",130,O,1st,AFG,v Pakistan,Chennai
"CR Woakes, BA Stokes",129,O,7th,ENG,v Netherlands,Pune
"Fakhar Zaman, Abdullah Shafique",128,O,1st,PAK,v Bangladesh,Eden Gardens
"MDKJ Perera, P Nissanka",125,O,1st,SL,v Australia,Lucknow
"Hashmatullah Shahidi, Azmatullah Omarzai",121,O,4th,AFG,v India,Delhi
"HE van der Dussen, RR Hendricks",121,O,2nd,RSA,v England,Wankhede
"Saud Shakeel, Mohammad Rizwan",120,O,4th,PAK,v Netherlands,Hyderabad
"DA Warner, MR Marsh",120,O,2nd,AUS,v Bangladesh,Pune
"DJ Malan, JM Bairstow",115,O,1st,ENG,v Bangladesh,Dharamsala
"Rahmanullah Gurbaz, Ibrahim Zadran",114,O,1st,AFG,v England,Delhi
"Hashmatullah Shahidi, Azmatullah Omarzai",111,NO,4th,AFG,v Sri Lanka,Pune
"S Samarawickrama, BKG Mendis",111,O,3rd,SL,v Pakistan,Hyderabad
"KS Williamson, DJ Mitchell",108,NO,3rd,NZ,v Bangladesh,Chennai
"Q de Kock, T Bavuma",108,O,1st,RSA,v Australia,Lucknow
"GJ Maxwell, PJ Cummins",103,O,7th,AUS,v Netherlands,Delhi
"P Nissanka, BKG Mendis",102,O,2nd,SL,v Pakistan,Hyderabad
"Shubman Gill, RG Sharma",100,O,1st,IND,v Netherlands,Bengaluru
"Najmul Hossain Shanto, Mehidy Hasan Miraz",97,O,3rd,BAN,v Afghanistan,Dharamsala
"Rahmat Shah, Hashmatullah Shahidi",96,NO,3rd,AFG,v Pakistan,Chennai
"Shakib Al Hasan, Mushfiqur Rahim",96,O,5th,BAN,v New Zealand,Chennai
"R Ravindra, DJ Mitchell",96,O,3rd,NZ,v Australia,Dharamsala
"Saud Shakeel, Mohammad Rizwan",95,O,4th,PAK,v Sri Lanka,Hyderabad
"DA Miller, H Klaasen",95,O,5th,RSA,v Australia,Eden Gardens
"Shubman Gill, V Kohli",93,NO,2nd,IND,v New Zealand,Wankhede
"Tanzid Hasan, Litton Das",93,O,1st,BAN,v India,Pune
"RG Sharma, KL Rahul",91,O,4th,IND,v England,Lucknow
"Shubman Gill, RG Sharma",88,O,1st,IND,v Bangladesh,Pune
"R Ravindra, DP Conway",86,O,1st,NZ,v Sri Lanka,Bengaluru
"JE Root, DJ Malan",85,O,2nd,ENG,v Netherlands,Pune
"DA Warner, M Labuschagne",84,O,3rd,AUS,v Netherlands,Delhi
"Shadab Khan, Saud Shakeel",84,O,6th,PAK,v South Africa,Chennai
"BA Stokes, DJ Malan",84,O,3rd,ENG,v Australia,Ahmedabad
"KL Rahul, V Kohli",83,NO,4th,IND,v Bangladesh,Pune
"Rahmat Shah, Ibrahim Zadran",83,O,2nd,AFG,v Australia,Wankhede
"MD Shanaka, KIC Asalanka",82,O,6th,SL,v South Africa,Delhi
"Mohammad Rizwan, Babar Azam",82,O,3rd,PAK,v India,Ahmedabad
"DJ Malan, JM Bairstow",82,O,1st,ENG,v Pakistan,Eden Gardens
"KS Williamson, DP Conway",80,O,2nd,NZ,v Bangladesh,Chennai
"WA Young, R Ravindra",79,O,2nd,NZ,v Afghanistan,Chennai
"Mahmudullah, Litton Das",79,O,4th,BAN,v Pakistan,Eden Gardens
"AK Markram, H Klaasen",78,O,4th,RSA,v Sri Lanka,Delhi
"V Kohli, RA Jadeja",78,O,6th,IND,v New Zealand,Dharamsala
"SA Engelbrecht, SA Edwards",78,O,6th,NED,v Bangladesh,Eden Gardens
"HE van der Dussen, DA Miller",78,O,3rd,RSA,v New Zealand,Pune
"DM de Silva, KIC Asalanka",78,O,6th,SL,v Bangladesh,Delhi
"WA Young, R Ravindra",77,O,2nd,NZ,v Netherlands,Hyderabad
"RG Sharma, SS Iyer",77,O,3rd,IND,v Pakistan,Ahmedabad
"M Labuschagne, JP Inglis",77,O,4th,AUS,v Sri Lanka,Lucknow
"S Samarawickrama, KIC Asalanka",77,O,4th,SL,v Netherlands,Lucknow
"S Samarawickrama, DM de Silva",76,O,5th,SL,v Netherlands,Lucknow
"Tanzid Hasan, Litton Das",76,O,1st,BAN,v Australia,Pune
"SPD Smith, M Labuschagne",75,O,3rd,AUS,v England,Ahmedabad
"GD Phillips, DJ Mitchell",75,O,5th,NZ,v India,Wankhede
"Rahmat Shah, Hashmatullah Shahidi",74,O,3rd,AFG,v Netherlands,Lucknow
"Shadab Khan, Iftikhar Ahmed",73,O,6th,PAK,v Afghanistan,Chennai
"Rahmat Shah, Ibrahim Zadran",73,O,2nd,AFG,v Sri Lanka,Pune
"Mushfiqur Rahim, Litton Das",72,O,5th,BAN,v England,Dharamsala
"Shubman Gill, RG Sharma",71,O,1st,IND,v New Zealand,Dharamsala
"V Kohli, SS Iyer",71,O,3rd,IND,v Netherlands,Bengaluru
"Shubman Gill, RG Sharma",71,O,1st,IND,v New Zealand,Wankhede
"JE Root, JC Buttler",70,O,5th,ENG,v New Zealand,Ahmedabad
"Vikramjit Singh, BFW de Leede",70,O,3rd,NED,v Pakistan,Hyderabad
"MA Wood, AAP Atkinson",70,O,9th,ENG,v South Africa,Wankhede
"DA Miller, AK Markram",70,O,5th,RSA,v Pakistan,Chennai
"MP O'Dowd, CN Ackermann",70,O,2nd,NED,v Afghanistan,Lucknow
"DA Warner, SPD Smith",69,O,2nd,AUS,v India,Chennai
"MA Starc, M Labuschagne",69,O,7th,AUS,v South Africa,Lucknow
"AK Markram, H Klaasen",69,O,4th,RSA,v England,Wankhede
"V Kohli, SS Iyer",68,NO,3rd,IND,v Afghanistan,Delhi
"Mustafizur Rahman, Mahmudullah",68,O,9th,BAN,v South Africa,Wankhede
