﻿Team,Score,Wickets,Overs,Run Rate,Innings.1,Opposition.1,Venue
RSA,428,5,50,8.56,1,SL,Delhi
IND,410,4,50,8.2,1,NED,Bengaluru
NZ,401,6,50,8.02,1,PAK,Bengaluru
RSA,399,7,50,7.98,1,ENG,Wankhede
AUS,399,8,50,7.98,1,NED,Delhi
IND,397,4,50,7.94,1,NZ,Wankhede
AUS,388,10,49.2,7.86,1,NZ,Dharamsala
NZ,383,9,50,7.66,2,AUS,Dharamsala
RSA,382,5,50,7.64,1,BAN,Wankhede
AUS,367,9,50,7.34,1,PAK,Bengaluru
ENG,364,9,50,7.28,1,BAN,Dharamsala
RSA,357,4,50,7.14,1,NZ,Pune
IND,357,8,50,7.14,1,SL,Wankhede
PAK,345,4,48.2,7.13,2,SL,Hyderabad
SL,344,9,50,6.88,1,PAK,Hyderabad
ENG,339,9,50,6.78,1,NED,Pune
ENG,337,9,50,6.74,1,PAK,Eden Gardens
NZ,327,10,48.5,6.69,2,IND,Wankhede
SL,326,10,44.5,7.27,2,RSA,Delhi
IND,326,5,50,6.52,1,RSA,Eden Gardens
NZ,322,7,50,6.44,1,NED,Hyderabad
RSA,311,7,50,6.22,1,AUS,Lucknow
AUS,307,2,44.4,6.87,2,BAN,Pune
BAN,306,8,50,6.12,1,AUS,Pune
PAK,305,10,45.3,6.7,2,AUS,Bengaluru
AUS,293,7,46.5,6.25,2,AFG,Wankhede
AFG,291,5,50,5.82,1,AUS,Wankhede
NZ,288,6,50,5.76,1,AFG,Chennai
PAK,286,10,49,5.83,1,NED,Hyderabad
AFG,286,2,49,5.83,2,PAK,Chennai
AUS,286,10,49.3,5.77,1,ENG,Ahmedabad
AFG,284,10,49.5,5.69,1,ENG,Delhi
NZ,283,1,36.2,7.78,2,ENG,Ahmedabad
BAN,282,7,41.1,6.85,2,SL,Delhi
ENG,282,9,50,5.64,1,NZ,Ahmedabad
PAK,282,7,50,5.64,1,AFG,Chennai
SL,279,10,49.3,5.63,1,BAN,Delhi
IND,274,6,48,5.7,2,NZ,Dharamsala
IND,273,2,35,7.8,2,AFG,Delhi
NZ,273,10,50,5.46,1,IND,Dharamsala
AFG,272,8,50,5.44,1,IND,Delhi
RSA,271,9,47.2,5.72,2,PAK,Chennai
PAK,270,10,46.4,5.78,1,RSA,Chennai
SL,263,5,48.2,5.44,2,NED,Lucknow
NED,262,10,49.4,5.27,1,SL,Lucknow
IND,261,3,41.3,6.28,2,BAN,Pune
BAN,256,8,50,5.12,1,IND,Pune
ENG,253,10,48.1,5.25,2,AUS,Ahmedabad
NED,250,10,47.5,5.22,2,IND,Bengaluru
NZ,248,2,42.5,5.78,2,BAN,Chennai
RSA,247,5,47.3,5.2,2,AFG,Ahmedabad
NED,245,8,43,5.69,1,RSA,Dharamsala
BAN,245,9,50,4.9,1,NZ,Chennai
PAK,244,10,43.3,5.6,2,ENG,Eden Gardens
AFG,244,10,50,4.88,1,RSA,Ahmedabad
AFG,242,3,45.2,5.33,2,SL,Pune
AUS,241,4,43,5.6,2,IND,Ahmedabad
SL,241,10,49.3,4.86,1,AFG,Pune
IND,240,10,50,4.8,1,AUS,Ahmedabad
BAN,233,10,46.4,4.99,2,RSA,Wankhede
NED,229,10,50,4.58,1,BAN,Eden Gardens
IND,229,9,50,4.58,1,ENG,Lucknow
BAN,227,10,48.2,4.69,2,ENG,Dharamsala
NED,223,10,46.3,4.79,2,NZ,Hyderabad
AUS,215,5,35.2,6.08,2,SL,Lucknow
ENG,215,10,40.3,5.3,2,AFG,Delhi
AUS,215,7,47.2,4.54,2,RSA,Eden Gardens
RSA,212,10,49.4,4.26,1,AUS,Eden Gardens
SL,209,10,43.3,4.8,1,AUS,Lucknow
RSA,207,10,42.5,4.83,2,NED,Dharamsala
PAK,205,3,32.3,6.3,2,BAN,Eden Gardens
NED,205,10,41,5,2,PAK,Hyderabad
BAN,204,10,45.1,4.51,1,PAK,Eden Gardens
IND,201,4,41.2,4.86,2,AUS,Chennai
PAK,200,1,25.3,7.84,2,NZ,Bengaluru
AUS,199,10,49.3,4.02,1,IND,Chennai
IND,192,3,30.3,6.29,2,PAK,Ahmedabad
PAK,191,10,42.5,4.45,1,IND,Ahmedabad
AFG,181,3,31.3,5.74,2,NED,Lucknow
NED,179,10,37.2,4.79,2,ENG,Pune
NED,179,10,46.3,3.84,1,AFG,Lucknow
AUS,177,10,40.5,4.33,2,RSA,Lucknow
NZ,172,5,23.2,7.37,2,SL,Bengaluru
SL,171,10,46.4,3.66,1,NZ,Bengaluru
ENG,170,10,22,7.72,2,RSA,Wankhede
NZ,167,10,35.3,4.7,2,RSA,Pune
SL,160,2,25.4,6.23,2,ENG,Bengaluru
BAN,158,4,34.4,4.55,2,AFG,Dharamsala
ENG,156,10,33.2,4.68,1,SL,Bengaluru
AFG,156,10,37.2,4.17,1,BAN,Dharamsala
BAN,142,10,42.2,3.35,2,NED,Eden Gardens
AFG,139,10,34.4,4,2,NZ,Chennai
ENG,129,10,34.5,3.7,2,IND,Lucknow
NED,90,10,21,4.28,2,AUS,Delhi
RSA,83,10,27.1,3.05,2,IND,Eden Gardens
SL,55,10,19.4,2.79,2,IND,Wankhede
